from,to,rel_improve(%)
4.0,16.0,25.79155523277751
16.0,64.0,4.532643693784695
64.0,256.0,0.00567631265604684
