from,to,rel_improve(%)
4.0,16.0,51.048265197397605
16.0,64.0,22.066009909863652
64.0,256.0,4.802915245829224
